1271464836321476609;Ben_Williams31;@ChrisWildgoose ğŸ¤ğŸ¤ğŸ˜…ğŸ˜…
1271464476030767104;Ben_Williams31;RT @BarnsleyFC: ğŸ¥œ Double meg nuts goal
ğŸ’¥ Tough tackle

ğŸ’ª @Ben_Williams31 https://t.co/muHxEQaTez
1270430471718088705;Ben_Williams31;@HaydenCarter06 @Rovers Love it youuuuğŸ¤©
1267943218810966016;Ben_Williams31;RT @BarnsleyFC: Barnsley Football Club is one family - all together. 

We are against all forms of discrimination. 

Today. Tomorrow. Alwayâ€¦
1263869810900951043;Ben_Williams31;@MosesDuckrell Cones all over the gaffğŸ¥´ @HaydenCarter06
1258552869881622532;Ben_Williams31;@roisinhemingway Name and address or Iâ€™ll arrest ya
1258551926238535681;Ben_Williams31;@roisinhemingway Linekers
1258549797222379520;Ben_Williams31;@roisinhemingway African grey werenâ€™t it
1258549409853272064;Ben_Williams31;@roisinhemingway Tell u what
1258549069212839936;Ben_Williams31;@roisinhemingway imk init?
1258114365053636617;Ben_Williams31;@dutchieuk2009 @BarnsleyFC @ChelseaFC ğŸ¤ªğŸ¤ª
1257619356751745026;Ben_Williams31;@maxandpaddyline @CallumMunday @MakinsonMatty
1257351521228001284;Ben_Williams31;@roisinhemingway 20?ğŸ¤”And the rest
1257283661990428672;Ben_Williams31;One year agoğŸ¤¯what a day&NIGHT ...@BarnsleyFC â¤ï¸ https://t.co/RxqKmTGhJF
1255557636587732992;Ben_Williams31;@roisinhemingway @stevepayneTVE Itâ€™s a good job ur lagging. Youâ€™d rinse all that drinkğŸ˜¶
1253388752015298560;Ben_Williams31;@ChrisNorbury7 Yeh all good Chris, must have missed you there ğŸš² . Looking forward to getting some frames in soon. Stay safe mate
1253110568724107264;Ben_Williams31;@FootballCliches ğŸ¤£ğŸ¤£ğŸ¤£ğŸ¤£ @HaydenCarter06
1251945440108523520;Ben_Williams31;@roisinhemingway @chelsea1012 Half pints- thatâ€™s all Iâ€™ll say
1251558363202232322;Ben_Williams31;@mark_jeffers98 @crickshouts Do u think Iâ€™m struggling to make weight tony ?
1251531762448171016;Ben_Williams31;@crickshouts @mark_jeffers98 ğŸ¤¨
