1234944917480366081;BenReevo;RT @agilbey8: Iâ€™m raising money for my friend who is running the London Marathon on behalf of Sense. Any donations would be much appreciateâ€¦
1163503170267623424;BenReevo;RT @verwoodtownfc: There is to be a memorial match held at Potterne Park in memory of Paul Arnold on Sunday 25th August to raise funds forâ€¦
1157393791734747137;BenReevo;Pleased to be back, thank you very much for the messages. Really looking forward to the season ahead! https://t.co/2P2lZkTtXD
1157326794518929408;BenReevo;RT @MKDonsFC: ğŸ“Reeves is a Don.

#DonDeal https://t.co/IRRumkNrsJ
1154865127482646528;BenReevo;It was a pleasure to share a pitch with @cjsolly , hope you get a great turn out at your testimonial tomorrow mate!â€¦ https://t.co/E5s5UaRun8
1131967445953073153;BenReevo;RT @SportingLifeFC: ğŸŸï¸ğŸ”´ Charlton stormed into the play-offs and now they're heading to Wembley along with over 38,000 of their fans! 

ğŸ“½ï¸âš½ï¸â€¦
1120283948532342784;BenReevo;RT @johnnie_jackson: I am auctioning my 25th Anniversary Back To The Valley signed shirt.
All proceeds will go towards @DemelzaHospice maraâ€¦
1118510284237357056;BenReevo;My old coach and Southampton legend @FrannyBenali is raising money for @CR_UK by doing 7 Ironman Triathlons in 7 daâ€¦ https://t.co/WRqIFZJiDw
1087377609225371649;BenReevo;RT @johnnie_jackson: Delighted to announce myself and â¦@bentalbot2â© are running the 2019 London Marathon for â¦@DemelzaHospice,a charity cloâ€¦
1087114287393505287;BenReevo;RT @TransfersPod: EPISODE 2 of Transfers Uncovered is now available!! @Si_Watts is joined by @PhilKorklin & Brian Howard from @MomentumSM tâ€¦
1072626574745366528;BenReevo;Great away win, time for us to kick on now. Thanks for the support, brilliant as always! #COYA
1047445392688861184;BenReevo;@Rchap04 @LinkedIn Congrats on a great career Chaps, wish you all the best mate!
1043560931060539392;BenReevo;Canâ€™t beat a late winner at home ğŸ”´ https://t.co/LRcQRNkf6J
1041784489574375424;BenReevo;@SouthamptonFC @IngsDanny ğŸ‘ğŸ‘
1041003339469795332;BenReevo;Get in ğŸ’ª https://t.co/Od5V4QLqlg
1032244951193735168;BenReevo;@jpearce05 @TariqeFosu ğŸ‘ğŸ™Œ https://t.co/Tp1NScGeSD
1029013287814479872;BenReevo;@CharlieArts_ Quality mate, thanks ğŸ‘
1025647619169812480;BenReevo;Come on the boys @CAFCofficial ğŸ’ª https://t.co/xjGhk7fm43
1020942822898388993;BenReevo;RT @billyclarke7: RIP @Jackjeffreysfi1   Heart breaking news. ğŸ’”Sleep well little fella. Weâ€™re all thinking of you and your family. Keep looâ€¦
1015263804282884103;BenReevo;@Michal_Zyro @CAFCofficial Cheers bud! Hope youâ€™re well
