1264684917264392197;BowieKieron;RT @gymIad: When times were simpler https://t.co/HuVl5VVs5W
1259245957629255680;BowieKieron;@LANKYBAS @RaithRovers No far off it ğŸ¤£
1259182556244840451;BowieKieron;RT @RaithRovers: PLAYER OF THE YEAR AWARDS | The annual POTY awards are taking place just now at https://t.co/fHiEF7ESvo

The Young Playerâ€¦
1250496690278277120;BowieKieron;RT @RossMatthews_8: Something in these new tennants which make them taste even sweeter ğŸ¤¤ğŸ‘ https://t.co/YoKHIf4iQd
1249711283219451904;BowieKieron;If your a football person join the challenge in posting a footy pic. Once nominated you have 24hrs to post a picturâ€¦ https://t.co/WEOGgSF9SI
1246442363767193600;BowieKieron;@RossMatthews_8 @LFife07 @RaithRovers Fair play atleast heâ€™s no got that shoulder shrug ğŸ¤·â€â™‚ï¸
1246014757259395073;BowieKieron;RT @Jambo_t10: Self isolatings gid man https://t.co/nJ4LwbESZJ
1242115668893405187;BowieKieron;@Tom_Metcalfe85 @callumdoran8 @RaithRovers @NandoMendy5 Av seen ur clobber son
1242114391367131136;BowieKieron;@callumdoran8 @RaithRovers @NandoMendy5 Ano love the gloves
1225572156211372037;BowieKieron;ğŸ‘ğŸ»ğŸ‘ğŸ» https://t.co/lomMasZV8u
1225558168362782720;BowieKieron;@andy_laff @CamyLafferty Aww that fence was a mission likes
1225557708474109958;BowieKieron;@andy_laff @CamyLafferty Hahahhaha ano the good old days eh
1225484705874751489;BowieKieron;@liam_buchanan9 @RaithRovers @FulhamFC @RaithTV ğŸ¤£ğŸ¤£cheers
1225431661451628544;BowieKieron;RT @FulhamFC: #FFC are pleased to confirm the capture of highly-rated striker @BowieKieron from @RaithRovers. ğŸ‘Š

We welcome Kieron in the sâ€¦
1225431628719235074;BowieKieron;RT @RaithRovers: KIERON BOWIE | The club announce today (Thursday) that an agreement has been reached with @FulhamFC for the transfer of 17â€¦
1221369377288851463;BowieKieron;RT @366Group: What a performance it was from @BowieKieron in yesterday's match vs @MontroseFC! See both of Kieron's goals below ğŸ‘‡

ğŸ“· Creditâ€¦
1221132455756935172;BowieKieron;RT @366Group: 2 goals and a crucial win for @BowieKieron and his Raith team! Well played, Kieron! âš½ï¸âš½ï¸
1203744221007634441;BowieKieron;@callumdoran8 Hmm donâ€™t know like ğŸ¤”
1203743275338944514;BowieKieron;@callumdoran8 Donâ€™t be silly
