1258093705371803653;Chrisgunter16;RT @_DaveEdwards: WIN my EURO 2016 WALES vs Russia shirt. Match worn and signed by the whole squad!

Make any donation to @LittleRascalsFnâ€¦
1257238546982866945;Chrisgunter16;@g5davies @tagg_media @FAWCoachEd @CarlDarlington Bryn you wasnâ€™t set all that well was you? Carl/gaz you need to hâ€¦ https://t.co/H18flF7dCr
1253231587732357126;Chrisgunter16;RT @Cymru: ğŸ‡§ğŸ‡¦ 2-0 ğŸ´ó §ó ¢ó ·ó ¬ó ³ó ¿

ğŸ—£ @ChrisGunter16 "The fans have been travelling with us for years. This is more than a game of football."

#TheRâ€¦
1247437596046831616;Chrisgunter16;@TheNigelAdkins My thoughts are with you and the family gaffer
1247248953571258372;Chrisgunter16;@BrynLaw @Cymru Great photo mate. And delighted you was able to be there and cover it. One of the best ğŸ‘
1225061061621096448;Chrisgunter16;Character from the ğŸ”µâšªï¸âš«ï¸ https://t.co/qM4eGMrGL2
1212631761378824193;Chrisgunter16;https://t.co/ebVAXyOAgf
1212122251606331392;Chrisgunter16;@NFFC â¤ï¸
1200049931207282688;Chrisgunter16;Happy to reach 500 club games the other evening. The result was a disappointment but pleased to be back out there. https://t.co/xL46xcrii8
1197205186869157888;Chrisgunter16;What a night that was. Boys were a different level and another summer to look forward too. The roomie coming up witâ€¦ https://t.co/TWTOlFwVSy
1196741075613954048;Chrisgunter16;@MovemberUK https://t.co/kKAgfzzWFp
1195080784052396033;Chrisgunter16;ğŸ´ó §ó ¢ó ·ó ¬ó ³ó ¿ â¡ï¸  ğŸ‡¦ğŸ‡¿ https://t.co/95PY8Chtj8
1188378435665694720;Chrisgunter16;RT @aaronramsey: Pob lwc bore ma bechgyn yn y semi finalğŸ´ó §ó ¢ó ·ó ¬ó ³ó ¿ We are right behind youğŸ’ªğŸ¼ Letâ€™s go boys @WelshRugbyUnion #RWC2019
1182968571271548928;Chrisgunter16;@dafyddnant @WalesAwayDays @walesawayfans @WalesAwayDuty @welshfootball_ Your support â¤ï¸
1182329370310057986;Chrisgunter16;@lewisthomas90 Ha ha what a little man!!
1182325259300671491;Chrisgunter16;RT @Cymru: Mae #YWalGoch wedi cyrraedd ğŸ´ó §ó ¢ó ·ó ¬ó ³ó ¿

Great to see so many of #TheRedWall in Bratislava and Trnava ğŸ™Œ

Wherever you are, send us yâ€¦
1181291458562801669;Chrisgunter16;RT @StevoTheMadMan: Big up The welsh Boys ğŸ‰ @Chrisgunter16 @ethanamp4 @Daniel_James_97 @rabbi_matondo https://t.co/Z1NvdmmCFf
1181197839671709697;Chrisgunter16;RT @Cymru: First training of the week âœ…

Cipolwg oâ€™r sesiwn hyfforddi bore â€˜ma ğŸ“¸

#TogetherStronger https://t.co/snU5fIRIdW
1179742326970834944;Chrisgunter16;RT @Cymru: ğŸ´ó §ó ¢ó ·ó ¬ó ³ó ¿CYHOEDDI CARFANğŸ´ó §ó ¢ó ·ó ¬ó ³ó ¿

Hereâ€™s the squad of 26 players to face Slovakia and Croatia next week ğŸ‘‡

#TogetherStronger https:â€¦
1174722356914401282;Chrisgunter16;Pleased to see youâ€™ve done some research and updated the article. Even though the truth normally isnâ€™t as exciting,â€¦ https://t.co/yxSOzcz97Y
