1268360964946169857;DylanAsonganyi;RT @thenikkidiaries: â€œLook I donâ€™t know if Iâ€™m going to have a career after this but, f**k that.â€

John Boyega. https://t.co/KPFDUUFGlM
1268222431707246599;DylanAsonganyi;RT @Vada_Fly: George Floydâ€™s daughter saying â€œDADDY CHANGED THE WORLDâ€ is the sweetest heartbreaking thing on the internet. ğŸ’”ğŸ’”ğŸ’”ğŸ’” https://t.â€¦
1267580591081508864;DylanAsonganyi;RT @icecube: Theyâ€™d rather arrest hundreds of American citizens then 3 of their own.  Very telling.
1267579755391586305;DylanAsonganyi;RT @LFC: 88' - ORRRRRRIIIIIIGGGGGGGIIIIIIII!!! INCREDIBLEEEE!!!

[2-0] | #LIVTOT https://t.co/Y0V0z6uvGZ
1266740557763825665;DylanAsonganyi;RT @KMbappe: ğŸ—£âœŠğŸ½ #JusticeForGeorge
1266740364368584704;DylanAsonganyi;RT @JoshuaPotash: The is Atlanta right now. Worth a million words.

#GeorgeFloydprotest https://t.co/O8S5X0nvAD
1266740308697649153;DylanAsonganyi;RT @MoorInformation: Nick Cannon is on the FRONTLINE in Minneapolis in honor of George Floyd. https://t.co/N3JZXEn8wl
1266740152006778880;DylanAsonganyi;RT @TheRealMalone__: Justice for Belly Mujinga https://t.co/ItPLQx86D2
1266740001334800387;DylanAsonganyi;RT @kylierubalcava: THIS IS WHO WEâ€™RE FIGHTING FOR.. please donâ€™t give up on them. https://t.co/pHGwnr2nny
1266739766399303682;DylanAsonganyi;RT @UnoThemOnes: https://t.co/Xvz5ilKCgD
1260798932176732160;DylanAsonganyi;RT @RaptorsNationTO: 1 year ago today, Kawhi Leonard hit this buzzer beater to win Game 7 https://t.co/nJI9Kc8cMP
1260351403375149056;DylanAsonganyi;RT @Eman_Official: Football Moments 2/2

#Lockdownlegends
@Tedeku2 https://t.co/WwTyD2mw8F
1260351377261375490;DylanAsonganyi;RT @Eman_Official: Football Moments ğŸ˜‚ 1/2

#LockdownLegends
@Tedeku2 https://t.co/swq57vSe1a
1254506844816584707;DylanAsonganyi;Well that was funğŸ˜‚ best of luck @MUFCYorkRoad https://t.co/SvlLWAIR7l
1252349410131849217;DylanAsonganyi;RT @Eman_Official: World Cup Moments ğŸ˜­ğŸ¤ğŸ¾

#Lockdownlegend https://t.co/z2yfsUSCkf
1248315361461702657;DylanAsonganyi;RT @RobbieSimmo: A NEW BEGINNING https://t.co/C6e5NnZKEb
1248280230760009729;DylanAsonganyi;RT @Eman_Official: Champions League MomentsğŸ˜­

#LockdownLegend #UCL https://t.co/JbuSGB0xHT
1247182590391582722;DylanAsonganyi;ğŸ˜‚ğŸ‘ğŸ¿ https://t.co/3plgPOvZI1
1239592623490453506;DylanAsonganyi;RT @MKDonsFC: @DylanAsonganyi @MUFCYorkRoad Here is that sublime assist ğŸ¤©
1239490585175699456;DylanAsonganyi;RT @MUFCYorkRoad: ğŸ˜ The dink from @DylanAsonganyi...
ğŸ˜ The volley home from Ody Alfa.

ğŸ¥ @fc_video 

âš«ï¸âšªï¸ #WeAreMaidenhead | #InDevWeTrustâ€¦
