1266354687030296581;ethanamp4;RT @433: #433HomeOlympics goes Mario Kartâ—ğŸï¸ @DieRotenBullen players @ethanamp4, @tyler_adams14 and @yussufyurary go head-to-head in a gâ€¦
1262447575711584259;ethanamp4;RT @Cymru: ğŸ•° This #InternationalMuseumDay we take a look back to when our #Cymru players joined school children at @StFagans_Museum 
1254127421416247297;ethanamp4;Vote MorristonğŸ‘ŠğŸ½ https://t.co/Qon7wSJAQM
1253030894455193601;ethanamp4;RT @S4Cchwaraeon: AMPADU! ğŸ”’âŒ Amddiffynwyr Cymru yn taflu eu cyrff o flaen y bÃªl yn erbyn Slofacia ers Bordeaux '16! ğŸ˜
1253030762825342976;ethanamp4;RT @mwalker2771: Ethan Ampadu is some player for a young man. Spoke to him about his season in Germany. https://t.co/RpZv03Y0EM
1227667282706522112;ethanamp4;RT @DieRotenBullen: btw: Neue GIFs in the making! ğŸ¤£ https://t.co/TxfEU7ha1r
1219682157565825024;ethanamp4;RT @LAPSCareers: âš½ï¸Ahead of the Game 2020âš½ï¸ Bringing together pro footballers andğŸ”¥ employers across 3 iconic venues in March 2020
1215047180748251139;ethanamp4;RT @SamHaynes15: @CallofDuty We need Shoothouse back- lost without it, boys not happy. #COD #ModernWarfare #cry
1197860992258064389;ethanamp4;RT @Cymru: Yma o hyd ğŸ´ó §ó ¢ó ·ó ¬ó ³ó ¿           Still dreaming ğŸ´ó §ó ¢ó ·ó ¬ó ³ó ¿     

#TogetherStronger ğŸ´ó §ó ¢ó ·ó ¬ó ³ó ¿ #EURO2020 https://t.co/t1wUsBCBtn
1197196706972090369;ethanamp4;RT @TVickers1: A huge thank you to @ethanamp4 for very kindly donating a pair of matchworn boots for me to auction off for the fantastic @aâ€¦
1196956146478784512;ethanamp4;RT @ChelseaFC: Congratulations on your #EURO2020 qualification, @EthanAmp4! ğŸ’ªğŸ´ó §ó ¢ó ·ó ¬ó ³ó ¿ https://t.co/tDmbncfU0W
1196440593179787268;ethanamp4;RT @FAWales: Check what @ethanamp4 had to say when he caught up with @StevoTheMadman for @JDFootball #TalkingTekkers

Watch the full videoâ€¦
1113798066321154048;ethanamp4;@official_tyro @MattSmith ğŸ¤£ğŸ¤£ğŸ¤£ğŸ¤£
1113406362355105792;ethanamp4;RT @officialpes: Ahead of tomorrow's release, a look at some of the English League player face updates coming with #PES2019's Data Pack 5.0â€¦
1093480693299060736;ethanamp4;RT @TVickers1: Last day to get your bids in for this matchworn @ethanamp4 shirt signed by the whole squad, Ethan very kindly donated it forâ€¦
1077540197397610497;ethanamp4;RT @ChelseaFC: ğŸ„Merry Christmas from the squad! ğŸ„ https://t.co/0Njfu69TRD
1068299345160744961;ethanamp4;RT @ChelseaFC: .@ethanamp4 is on for the final 30 minutes or so, replacing @DZappacosta.

1066093624511860736;ethanamp4;Only one winner reallyğŸ¤ªğŸ®! Canâ€™t wait to jump back on @CallofDuty ... RT this with a chance to win a free copy! https://t.co/Umi0Pb5v8j
1064263426820710403;ethanamp4;Gutted to have to go early! But good luck too all of the lads!âš½ï¸ğŸ´ó §ó ¢ó ·ó ¬ó ³ó ¿ @Cymru â¤ï¸ https://t.co/nBzZH0gJrj
1064166930968395776;ethanamp4;RT @ConnorRobs: ğŸ‘ğŸ¼ğŸ´ó §ó ¢ó ·ó ¬ó ³ó ¿ https://t.co/KtDaolpYzW
