1260339884973326341;GwionEdwards;RT @_tomITFC: Not a touch on @GwionEdwards https://t.co/zTiaO9YTtv
1254393271964651520;GwionEdwards;RT @leelucas31: Everyone get behind @AbercwmboiRFC come on the boys ­Ъњф­ЪЈ╝
1243817986538065920;GwionEdwards;RT @BBCRadioCymru: Рџй #arymarc @DylanAryMarc @sioned_daf @blogdroed 
1243622119671463938;GwionEdwards;RT @DylanAryMarc: #arymarc bore fory 8.30 eich d├┤s wythnosol o b├фl droed ar @BBCRadioCymru @sioned_daf @blogdroed
Bywyd p├фl droediwr yn y cРђд
1240390089211105281;GwionEdwards;@RussellShort_ ­Ъўє­ЪцБ
1234218945680416769;GwionEdwards;@jonjacksmoothie @jyeatesyotty ­ЪЉђ­ЪцБ
1234093724587741184;GwionEdwards;­ЪјЅ­Ъјі­ЪЎї­ЪЈ╗ https://t.co/tSas1YrgVO
1212320555774414848;GwionEdwards;Dream big, believe and never give up! Happy New Year to you all! ­ЪЎЈ­ЪЈ╗­ЪЎї­ЪЈ╗
1196907927459827712;GwionEdwards;RT @Cymru: ­ЪЈ┤заЂДзаЂбзаЂизаЂгзаЂ│заЂ┐­ЪЈ┤заЂДзаЂбзаЂизаЂгзаЂ│заЂ┐­ЪЈ┤заЂДзаЂбзаЂизаЂгзаЂ│заЂ┐­ЪЈ┤заЂДзаЂбзаЂизаЂгзаЂ│заЂ┐­ЪЈ┤заЂДзаЂбзаЂизаЂгзаЂ│заЂ┐­ЪЈ┤заЂДзаЂбзаЂизаЂгзаЂ│заЂ┐­ЪЈ┤заЂДзаЂбзаЂизаЂгзаЂ│заЂ┐­ЪЈ┤заЂДзаЂбзаЂизаЂгзаЂ│заЂ┐­ЪЈ┤заЂДзаЂбзаЂизаЂгзаЂ│заЂ┐­ЪЈ┤заЂДзаЂбзаЂизаЂгзаЂ│заЂ┐­ЪЈ┤заЂДзаЂбзаЂизаЂгзаЂ│заЂ┐­ЪЈ┤заЂДзаЂбзаЂизаЂгзаЂ│заЂ┐­ЪЈ┤заЂДзаЂбзаЂизаЂгзаЂ│заЂ┐­ЪЈ┤заЂДзаЂбзаЂизаЂгзаЂ│заЂ┐­ЪЈ┤заЂДзаЂбзаЂизаЂгзаЂ│заЂ┐­ЪЈ┤заЂДзаЂбзаЂизаЂгзаЂ│заЂ┐­ЪЈ┤заЂДзаЂбзаЂизаЂгзаЂ│заЂ┐­ЪЈ┤заЂДзаЂбзаЂизаЂгзаЂ│заЂ┐Рђд
1189142118855532546;GwionEdwards;­Ъўѓ https://t.co/3yw1HhBNL2
1185305290239029249;GwionEdwards;It was nice to meet you and it was great to chat about the charity! ­ЪЎї­ЪЈ╗ https://t.co/VKLswM7Uin
1182728281931632641;GwionEdwards;­ЪЎї­ЪЈ╗ https://t.co/IVIt3XStHi
1182728246150025222;GwionEdwards;RT @A9Mac: The players, management & owners of #pufc have paid for food & drink at @marksandspencer to donate to the local @TrussellTrust #Рђд
1121427936136048642;GwionEdwards;­ЪЎї­ЪЈ╗ https://t.co/VYRl2s0gnv
1121427234173198336;GwionEdwards;RT @Gabs50Zakuani: My 11 year old boy is missing and hasnРђЎt been seen since he left school yesterday on his way to the bus stop, anyone witРђд
1105968225806962688;GwionEdwards;­Ъўѓ­Ъўѓ­Ъўѓ­Ъўѓ https://t.co/8QTmxPamie
1103443426832453632;GwionEdwards;RT @ManUtd: Legends. Рюі
1102197870801965056;GwionEdwards;­Ъўѓ­Ъўѓ­Ъўѓ­Ъўѓ https://t.co/2fUJ8rgmER
1101494228134313985;GwionEdwards;Thank you! ­ЪЎї­ЪЈ╗­ЪЎї­ЪЈ╗­ЪЎї­ЪЈ╗ https://t.co/32x5BEPKTC
