1234890154055282691;JoeWalsh92;RT @agilbey8: Iâ€™m raising money for my friend who is running the London Marathon on behalf of Sense. Any donations would be much appreciateâ€¦
1129111889605218306;JoeWalsh92;RT @George_Willo: I'm auctioning my @MKDonsFC signed away match shirt from our 18/19 promotion season! 100% of the proceeds will go to Theâ€¦
1125512262452748294;JoeWalsh92;@Jennings8 @MKDonsFC @bazj91 ğŸ¤£
1125328958222950400;JoeWalsh92;We got there in the end!! What a dayğŸ’ªğŸ»ğŸ¾ğŸ¾ğŸº https://t.co/ZgvDtQWwhb
1109409735768489985;JoeWalsh92;@ProperMag @agilbey8
1101224710803738624;JoeWalsh92;@agilbey8 @callumread @CallumBrittain1 ğŸ˜‚ğŸ˜‚ğŸ˜‚ğŸ˜‚ğŸ˜‚
1101221990676025345;JoeWalsh92;@agilbey8 ğŸ˜‚World Cup final as well. Gutted
1066789138526101504;JoeWalsh92;@ODDSbible @agilbey8
1049348820830703621;JoeWalsh92;@MWillmott90 ğŸ¤£ğŸ¤£
1048862790302277632;JoeWalsh92;@__ZME__ @TeamKhabib @Labronesy
1028615348352950273;JoeWalsh92;@TheSportsman @talkSPORT @agilbey8 ğŸ˜‚ğŸ˜‚ğŸ˜‚
1024017838569390080;JoeWalsh92;RT @Club92C: Hi @MKDonsFC we are 5 Welsh lads aiming to visit all 92 league stadiums in 92 hours. Too many young men are being lost throughâ€¦
1023146559675031552;JoeWalsh92;@joshnolan09 @BeardedGenius ğŸ˜‚ğŸ˜‚ğŸ˜‚ğŸ˜‚
1017519784563564544;JoeWalsh92;@AdzjoMK @canineaquacentr Just took him for fun and good exerciseğŸ‘
1017493341121007622;JoeWalsh92;Otis loved his first swim. Thank you @canineaquacentr https://t.co/YwdFTK9jDs
1016647382509989888;JoeWalsh92;RT @MKDonsFC: The injury room can be a tough place, but 'older brothers' @JoeWalsh92 and @agilbey8 were always on hand to help @dylan_asongâ€¦
1013526170657345538;JoeWalsh92;@agilbey8 ğŸ˜‚typical English getting carried away
1002812610679660544;JoeWalsh92;@OfficialBTA_ Donâ€™t you start Wilfred!ğŸ˜‚ğŸ˜‚
1001364671201497088;JoeWalsh92;@Mattwilliams07 @joshuajones10 ğŸ˜‚ğŸ˜‚ğŸ˜‚
997511206775742464;JoeWalsh92;Back running on the pitch after the injury..feels good to see some daylight again ğŸƒğŸ»â€â™‚ï¸â˜€ï¸ https://t.co/NAOj3iEwOW
