1271023379609509888;leehods2;Thank you to @BackOnside for our care package this morning ğŸ‘ŒğŸ» if you donâ€™t already please give this great charity a follow!
1250356232101212160;leehods2;Cheers @Cody_Cooke If you are a football person join the challenge in posting a footy pic. Once nominated you haveâ€¦ https://t.co/yLdlcZD69x
1243272657145118726;leehods2;@NHSuk  thank you ğŸ‘ğŸ»ğŸ‘ğŸ»ğŸ‘ğŸ» https://t.co/Ib0o8UZgdk
1222918536659685376;leehods2;Delighted to be back @saintmirrenfc thank you for all the kind messages much appreciated. Would like to wish everyoâ€¦ https://t.co/DC0OKdbnnI
1209886070067871744;leehods2;@T_Deeney Congratulations mate ğŸ¾ğŸ„ğŸ‰
1209758322561363968;leehods2;Merry Christmas everyone ğŸ„ I hope you all have a great day celebrating with family and friends ğŸ„
1200444706515230720;leehods2;ğŸ’° SAVE! ğŸ“² USE CODE: PPLEEHODS
1198917369449648128;leehods2;Thanks @playerpacksuk give them a follow âš½ï¸ https://t.co/sP57YYtN4M
1179376835391639552;leehods2;@BroadcastMoose @WatfordFC 100% go for a coffee ğŸ‘ğŸ»
1179363625754083333;leehods2;@BroadcastMoose @WatfordFC Thanks @BroadcastMoose hope your well ğŸ‘ğŸ»
1179330374725447681;leehods2;RT @TheGillsFC: ğŸ“¸ | Happy Birthday to #Gills defender @leehods2 who turns 28 today. ğŸˆ https://t.co/DFqDMcA5Va
1179330327816343552;leehods2;@TheGillsFC Thank you ğŸ‘ğŸ»
1137366735441551361;leehods2;@James_Tavernier Thanks mate appreciate. Good luck next season rangers legend ğŸ‘ğŸ»
1137356851778064385;leehods2;Delighted to have signed for @TheGillsFC thanks for all the support and messages canâ€™t wait to get started! #Gills https://t.co/aQz1S2sPJP
1137355511878340608;leehods2;@MichaelBeale Thanks Micheal all the best for future and next season
947604801595908097;leehods2;Would just like to wish everyone a happy and healthy new year ğŸ”´âšªï¸ğŸ”µ
926899634504597504;leehods2;3 points and a good performance from the lads today. Congrats to @RossMcCrorie4 on your goal ğŸ‘ğŸ»
914949452011642882;leehods2;@NorthernIreland Thank you
904061647576334336;leehods2;Good luck to @EmmieSmillieCF charity golf day this Sunday https://t.co/e0kR0pkxbL
891716099569573889;leehods2;Great way to end pre season with a win! The fans were brilliant as usual, safe journey home ğŸ”´âšªï¸ğŸ”µ
