1255873576965746689;markohara52;@declang31 @BBCSportScot @liampolworth Looking at the clientele on the outside it's absolute stitch central
1104822811820990467;markohara52;@LincolnCity_FC â€˜The explosive Toffolo pressâ€™ its known as!
1039489789140062209;markohara52;RT @poshscholarship: GIVEAWAY | Tomorrow we will be giving away a signed pair of @markohara52 football boots âš½ï¸ You will need to simple Râ€¦
1025798917424918528;markohara52;RT @theposhofficial: PHOTO ğŸ“· | Summer signings @markohara52 & @MattyGodden24 pictured celebrating their goals which helped secure #PUFC anâ€¦
934424772854861826;markohara52;RT @davidyoungphoto: https://t.co/8aK2qb6n41
934216561426141184;markohara52;@JamesMcPake5 Yes jazza â¤ï¸â¤ï¸â¤ï¸
934192598914359297;markohara52;RT @btsportfootball: O'Hara at the double! Dundee retake the lead against Rangers...big final few minutes to come!
934190767479885824;markohara52;ğŸŒšğŸŒšğŸŒšğŸŒš https://t.co/2IrZMLXJRC
885479524242268166;markohara52;@BrookieG1985 Top man ! Looking good ğŸ˜
885235962594418688;markohara52;@BrookieG1985 @dundeefconline ğŸ‘ğŸ»ğŸ‘ğŸ»
858612644659507200;markohara52;RT @dundeefconline: Good Morning #thedee https://t.co/ynWG7osplO
858356328078749702;markohara52;@stuartfindlay95 Stu my man ğŸ˜›
835560447642316800;markohara52;@adam_hodge blessings Hodgey my man
835538524615102465;markohara52;@davidyoungphoto @dundeefconline top man David ğŸ‘ğŸ»
834818708094779393;markohara52;RT @Ladbrokes: Join us in 30 minutes for the Ladbrokes Football Show with our special guests Andy Walker and @DundeeFConline's @markohara52â€¦
833428725425401856;markohara52;@DanielHiggins67 â¤ï¸
833386399189651456;markohara52;RT @davidyoungphoto: Enjoyed that today #goodtobeback - ta @markohara52 https://t.co/LhoxYMj6zg
833377250665979904;markohara52;RT @dundeefconline: GOAL PIC | @markohara52 https://t.co/j35heKM0uB
833377194596511746;markohara52;@davidmcneil21 â¤ï¸â¤ï¸
