1271377090261200896;MarosiMarko;@MichelleMckessy @JodsJones @JackGrimmer @Shipperz26 @MattyGodden24 @Calohare2 @bakayoko_a @Sam_McCallum15â€¦ https://t.co/uszIQQ5knz
1271094706282397698;MarosiMarko;@wethan257 @Jimi_Dyer https://t.co/Et3jGWdh2G
1271063030244220931;MarosiMarko;@DomHyam_95 https://t.co/MNQw6c3CeG
1271033546824724487;MarosiMarko;@JodsJones https://t.co/IIUu1NIqwD
1270752304321396736;MarosiMarko;@tom_wall1998 https://t.co/SiGCrzP8Hz
1270749217510895626;MarosiMarko;We did what they said we couldnt !!       I feel so happy for the club and the fans, you deserve it. We deserve it!â€¦ https://t.co/aopYDPmk0J
1270707690273153024;MarosiMarko;@Shipperz26 @Shipperz26  you on the way past ğŸ˜‚ https://t.co/novYZAkL73
1270674067037749248;MarosiMarko;@liamwalsh_6 https://t.co/jeHNgLXdIT
1270626419706605568;MarosiMarko;This guy ğŸ˜‚ğŸ˜‚ğŸ˜‚ @CalOhare https://t.co/bvS2rEty0D
1270600159148347392;MarosiMarko;@HOUGHTON_J Thanks bro ğŸ‘ŠğŸ¼
1270600046518681600;MarosiMarko;@_spriggy Oi oi
1270599943649198080;MarosiMarko;@butler__andy @alfiemay Thank you big man â¤ï¸
1270410610090684417;MarosiMarko;@mathbaudry5 You too bro â¤ï¸
1270407325371846657;MarosiMarko;RT @DRNSPORT: Massive congrats to @MarosiMarko and @Coventry_City on their promotion to the @SkyBetChamp. Very well deserved ğŸ‘ŠğŸ»ğŸ’¥ #teamdrn #â€¦
1270393865984454657;MarosiMarko;RT @Coventry_City: Weâ€™re all @CalOhare arenâ€™t we? #PUSB https://t.co/i9F4xHwaUr
1270375251159977984;MarosiMarko;ğŸ’™ğŸ’™ğŸ’™ https://t.co/Lttot2vk1E
1270374683851075584;MarosiMarko;@RichieWe11ens congrats mate ğŸ‘ğŸ¼ğŸ‘ŠğŸ¼
1270365028370259968;MarosiMarko;ğŸ’™ğŸ’™ğŸ’™ #PUSB
1270364581882482690;MarosiMarko;RT @Coventry_City: ğŸ‘€... #PUSB https://t.co/Fe6vxX7Mj6
1270364040032911360;MarosiMarko;RT @SkyBluesExtra: ğŸ‘‘ Robins & His Troops ğŸ¥³ We are CHAMPIONS of @SkyBetLeagueOne @MarosiMarko @FankDabo @liamwalsh_6 @MattyGodden24 @CalOâ€¦
