1271795559502942208;official_tyro;ğŸ¯#mrwhippyğŸ¤£ https://t.co/lGtYtZQX3p
1269958307567095808;official_tyro;No Entry ğŸ™…ğŸ½â€â™‚ï¸â›”ï¸ https://t.co/lXdPO6dI4u
1268670128109096967;official_tyro;ğŸ‘ğŸ½ğŸ‘ğŸ½ğŸ‘ğŸ½ğŸ’™ https://t.co/3T2g3nRIbv
1268541791139233799;official_tyro;Its all love brother ğŸ˜‚ğŸ’™ but wait .. seasons not done yet ğŸ‘€ğŸ˜ https://t.co/qCE2ZHkgmu
1268541244654923779;official_tyro;Tikki Takka counter attackâ˜„ï¸ the whole move wasğŸ”¥ no debate here for me.. decent strike though @lukeayling_8 ğŸ¤ğŸ˜‚ https://t.co/YHkayt3AyE
1267743277106827265;official_tyro;#blackouttuesday ğŸ–¤ https://t.co/x4bhgR3Crk
1267225543675707393;official_tyro;Something POWERFUL that should touch EVERYBODY! #BlackLivesMatter ğŸ–¤ https://t.co/dHLPsBruvk
1267215553191645185;official_tyro;Things you LOVE to see ğŸ¤©ğŸ¤©ğŸ’™ #unfinishedbusiness #letsgo ğŸ’ªğŸ½ https://t.co/wo4PbWernT
1265649659764146176;official_tyro;RT @LUFC: ğŸ’¬ Before lockdown he was taming the Tigers, now he's our next guest on @Deliveroo's Ask series! What do you want us to #AskTyRo?â€¦
1265031568948690945;official_tyro;@Phil_Chan8 & @RiotBadger these got me ğŸ¤£ğŸ¤£ğŸ‘ğŸ½ https://t.co/DNaydXY8py
1265002464660672513;official_tyro;@lukeayling_8 ğŸ‘€ğŸ¤­ https://t.co/mqZpnz7IPZ
1264975794046189568;official_tyro;Social Distancingâ€™s FinestğŸ¤£.. Great edit onto @Cli5hy picture ğŸ‘ğŸ½ğŸ¤£ lets see if anyone can make a better edit ğŸ‘€ i wilâ€¦ https://t.co/GdcS4Sscdl
1261736892963459072;official_tyro;Heat ğŸ”¥ Brotherâ¤ï¸ https://t.co/4KeRiTWIBh
1261736749602156545;official_tyro;Through the grind ğŸ”¥â¤ï¸ https://t.co/S5KFZOBkZW
1225719462864838656;official_tyro;RT @SportsCenter: This teacher drew a Kobe mural on his classroom white board ğŸ‘
1225182407818711041;official_tyro;Name better Fans ... Iâ€™ll wait ğŸ¤¨ğŸ¤©ğŸ‘ğŸ½ https://t.co/2utecXrI2M
1225155312241532928;official_tyro;The greatest ğŸ‘‡ğŸ½ğŸ‘ğŸ½ https://t.co/9vS9vzqo5m
1222299578126553088;official_tyro;The noise tonight at Elland Road tonightğŸ¥µğŸ¥³ You guys never disappoint!!! #marchingontogether ğŸ’™
1221894707040735235;official_tyro;ğŸ™ğŸ½â¤ï¸ @EddieNketiah9 https://t.co/seb0TwH5Nf
1221571121583218689;official_tyro;R.I.P to a true Role Model, Leader, Winner, LEGEND ğŸ™ğŸ½ğŸ˜¢â¤ï¸ https://t.co/rmRVnybTfC
