1183872503011315719;Yarmolenko_7;Go toâœŠğŸ»âœŠğŸ»âœŠğŸ» @UEFAEURO ğŸ”¥ğŸ”¥ https://t.co/g7UFoFJB0j
1175850105565528064;Yarmolenko_7;RT @WestHam: Big win today - Yarmo loves it! ğŸ˜‰ https://t.co/VoDO4004Xt
1148924202789085185;Yarmolenko_7;RT @WestHamUtd: 20 â¡ï¸ 7... @Yarmolenko_9 https://t.co/dkSF7RIjk3
1139956421653610496;Yarmolenko_7;ĞŸĞ¾Ğ·Ğ´Ñ€Ğ°Ğ²Ğ»ÑÑ Ğ¿Ğ°Ñ€Ğ½Ğ¸ !!! ĞĞ°Ñ Ğ¶Ğ´Ñ‘Ñ‚ Ğ¿Ñ€ĞµĞºÑ€Ğ°ÑĞ½Ğ¾Ğµ Ğ±ÑƒĞ´ÑƒÑ‰ĞµĞµ âœŠğŸ»âœŠğŸ» Ğ£ĞºÑ€Ğ°Ğ¸Ğ½Ğ° Ğ®20 - Ğ§ĞµĞ¼Ğ¿Ğ¸Ğ¾Ğ½Ñ‹ Ğ¼Ğ¸Ñ€Ğ° Ğ¿Ğ¾ Ñ„ÑƒÑ‚Ğ±Ğ¾Ğ»Ñƒ. Ğ“Ğ¾Ñ€Ğ¶ÑƒÑÑŒ Ğ²Ğ°Ğ¼Ğ¸ ğŸ’ªğŸ»ğŸ˜¤ https://t.co/Wb178lAjSh
1046051069778964481;Yarmolenko_7;Congrats on the win, the Irons! It was an excellent day. Thank you, the fans, for your incredible support!â€¦ https://t.co/ocwJgV2tnz
1044175035412484096;Yarmolenko_7;ğŸ˜‚ğŸ˜‚ğŸ™ŒğŸ» https://t.co/rQQ3Rl57GM
1041396902607171584;Yarmolenko_7;âœ…first PL start ! âœ…first Goal !! âœ…first Win !!! I congratulate everyone with this victory âœŠğŸ»âœŠğŸ»âš’ . this is just theâ€¦ https://t.co/RrwIDqG1n1
1018182698165325824;Yarmolenko_7;Ğ¡ongrats on winning, the team! We're getting ready for the season!âš’ğŸ’ª Ğ¡ Ğ¿Ğ¾Ğ±ĞµĞ´Ğ¾Ğ¹, ĞºĞ¾Ğ¼Ğ°Ğ½Ğ´Ğ°! Ğ“Ğ¾Ñ‚Ğ¾Ğ²Ğ¸Ğ¼ÑÑ Ğº ÑĞµĞ·Ğ¾Ğ½Ñƒ! https://t.co/PXYbn4VZoq
1017041947066818560;Yarmolenko_7;Iâ€™m ready for a new challenge ğŸ‘ŠğŸ» great club, wonderful fans, best league. Together to the top . You are together wiâ€¦ https://t.co/5Zjowe9bEl
1017005407691247616;Yarmolenko_7;RT @WestHamUtd: Announcing Yarmolenko... #WelcomeAndriy https://t.co/ZEnkm955sY
1017005100013891584;Yarmolenko_7;Friends, the life of the footballer threw me another challenge, which I decided to accept. I was very pleased to plâ€¦ https://t.co/xsX1VSJlDf
1016807826159820803;Yarmolenko_7;ğŸ›«âœğŸ»âš’ğŸ˜ Ğ ĞµĞ±ÑƒÑ Ğ½Ğ° Ğ½Ğ¾Ñ‡ÑŒ/rebus for the night ğŸŒš
979733299290693632;Yarmolenko_7;Ğ’Ğ¾Ğ·Ğ²Ñ€Ğ°Ñ‰ĞµĞ½Ğ¸Ğµ Ğ±Ğ»Ğ¸Ğ·ĞºĞ¾ ğŸ˜ˆğŸ‘ŒğŸ»/ Coming soon ğŸ™ŒğŸ» https://t.co/Wp3DfPF4sm
969550482078425088;Yarmolenko_7;I'll be back soon ğŸ‘ŠğŸ»ğŸ˜¤ #Nike #Football #Soccer #NikeFootball #NikeSoccer #Mercurial https://t.co/0ifCA9OiIi
958719355721781248;Yarmolenko_7;Good luck Auba, I will miss you ğŸ‘ŠğŸ»ğŸ˜‰ https://t.co/qya50I0lkj
952284720942977024;Yarmolenko_7;Ğ¡ĞµĞ¼ĞµĞ¹Ğ½Ñ‹Ğ¹ Ğ²ĞµÑ‡ĞµÑ€ ğŸ˜ğŸ˜‚ / family game ğŸ˜ğŸ˜… #fun #yarmola https://t.co/eDELnhnQ1R
947529038721110016;Yarmolenko_7;Ğ’ÑĞµÑ… Ñ Ğ½Ğ°ÑÑ‚ÑƒĞ¿Ğ°ÑÑ‰Ğ¸Ğ¼ 201ï¸âƒ£8ï¸âƒ£ !!âœŠğŸ»âœŠğŸ»âœ¨ğŸ’«ğŸ¶ ĞŸÑƒÑĞºĞ°Ğ¹ Ğ¸ÑĞ¿Ğ¾Ğ»Ğ½ÑÑ‚ÑÑ Ğ²ÑĞµ Ğ²Ğ°ÑˆĞ¸ Ğ¼ĞµÑ‡Ñ‚Ñ‹, Ğ²ÑÑ‘ Ğ»ÑƒÑ‡ÑˆĞµĞµ Ğ²Ğ¿ĞµÑ€ĞµĞ´Ğ¸ ğŸ˜‡ğŸ™ŒğŸ» #HappyNewYear #2018
922516318552805376;Yarmolenko_7;Ğ¡Ğ¿Ğ°ÑĞ¸Ğ±Ğ¾ Ğ²ÑĞµĞ¼ Ğ·Ğ° Ğ¿Ğ¾Ğ·Ğ´Ñ€Ğ°Ğ²Ğ»ĞµĞ½Ğ¸Ñ â¤ï¸ğŸ‚ğŸğŸŠğŸ‰2ï¸âƒ£8ï¸âƒ£/thank you all for your congratulations 2ï¸âƒ£8ï¸âƒ£ğŸğŸ‚â¤ï¸ğŸŠğŸ‰ğŸ˜˜ ğŸˆ
908076284160376834;Yarmolenko_7;Ğ’ÑĞµ Ğ¿Ğ¾Ğ±ĞµĞ´Ñ‹ ĞµÑ‰Ñ‘ Ğ²Ğ¿ĞµÑ€ĞµĞ´Ğ¸/ victory is yet to come ğŸ‘ŠğŸ»ğŸ˜¤ğŸ–¤ğŸ’› #yarmolenko #bvb #ucl #ChampionsLeague https://t.co/vDTdgY1H40
902446651532562433;Yarmolenko_7;Ğ’ÑĞµĞ¼ ÑƒĞ´Ğ°Ñ‡Ğ½Ğ¾Ğ³Ğ¾ Ğ´Ğ½Ñ/ have nice day ğŸ‘ŠğŸ»ğŸ˜‡ #Yarmolenko #bvb #new #life https://t.co/5e2A6ZfCpN
