1266391884722823170,dani37pacheco,@mmcurbelo @RayoVallecano Grande Marcos!!!!
1266385338643202048,dani37pacheco,@1Alberto_Garcia @RayoVallecano Tienes los abdominales de salah!
1266361094169219072,dani37pacheco,4 aÃ±os de este maravilloso dÃ­a. Devolver al Glorioso donde su gente tanto merece. AÃ±o mÃ¡gico. ğŸ’™ @Alaves https://t.co/iR3t7Gnh0Y
1266357523109593090,dani37pacheco,Nervios y frÃ­o. En mayo ğŸ™ˆ https://t.co/jO2xJ5Kd3e
1266337186644987904,dani37pacheco,ğŸ’™ğŸ’™ğŸ’™ğŸ’™ğŸ’™ğŸ’™El Glorioso. https://t.co/6nvxq1T2mi
1264938895818526721,dani37pacheco,@adam89sullivan @CoxyR9 Haha love that. Happy birthday mate and hope all of you are well. Soon we all ll be celebraâ€¦ https://t.co/k2oGQPRsTA
1264334598869331968,dani37pacheco,@AS_AGabilondo No hay color.
1263928320762183681,dani37pacheco,@A_Palacios_O @AD_Alcorcon @fpadalcorcon @CorazonAmarill @PreviaAlcorcon @ADAFANS1 @P_SantoDomingo @penarubensanzâ€¦ https://t.co/NciCRLL7kN
1263861170332733440,dani37pacheco,@A_Palacios_O @AD_Alcorcon @fpadalcorcon @CorazonAmarill @PreviaAlcorcon @ADAFANS1 @P_SantoDomingo @penarubensanzâ€¦ https://t.co/PUeKvKYtAm
1263727291621875712,dani37pacheco,@VirginiiiaTr Mucha fuerza y pronta recuperaciÃ³n. ğŸ’ªğŸ»
1263464146059878401,dani37pacheco,QuÃ© golazo! https://t.co/Qk34Q0iVaV
1262381057082626049,dani37pacheco,@mariogarrido98 Dile a Grajito jiji
1262073275879956480,dani37pacheco,@ManuGarcia19 @Alaves Enhorabuena Manuel. Muy merecido.
1261285688219230209,dani37pacheco,Enhorabuena a todos. Donde mÃ­nimo debÃ©is estar. ğŸ‘ğŸ»ğŸ‘ğŸ»ğŸ‘ğŸ» https://t.co/D7UduSHIeD
1261250219494256640,dani37pacheco,Enhorabuena a todos. ğŸ‘ğŸ»ğŸ‘ğŸ»ğŸ‘ğŸ» https://t.co/ooBfqpMVDX
1260674612230307845,dani37pacheco,@1Alberto_Garcia @jmartinezTV @AlonsoIvan24 @realmurciacfsad Sigues siendo canterano ğŸ¤ª
1260168242313736193,dani37pacheco,Feliz cumpleaÃ±os!!! ğŸ’™ https://t.co/5rYtisa13R
1260164110072889345,dani37pacheco,Porterazo! https://t.co/lDBvrjLla1
1259841958270382084,dani37pacheco,@23Llull @RMBaloncesto Hostia petate!!! QuÃ© raro verte en el cÃ©sped! ğŸ˜ğŸ˜ğŸ˜ğŸ˜ jugÃ³n!!!!!!
1259532378197893121,dani37pacheco,RT @MalagaCF_en: ğŸ“· #TrainingSession

âš½ @AlQuintana_6 
ğŸ’ª @ArmandoSadiku
ğŸƒâ€â™‚ï¸ @dani37pacheco 
ğŸ†™ @juanpianor1 

#sundayvibes ğŸŸ https://t.co/Wnâ€¦